记住,記住,jìzhu,to remember,
敢,敢,gǎn,to dare,
犯错,犯錯,fàncuò,make mistakes,
再犯,再犯,zàifàn,to repeat the mistake,
见谅,見諒,jiànliàng,please forgive me,
原谅,原諒,yuánliàng,to forgive,
添麻烦,添麻煩,tiānmáfan,to cause trouble for sb,
合同,合同,hétong,(business) contract,
改期,改期,gǎiqī,to reschedule,
预约,預約,yùyuē,to book,
失礼,失禮,shīlǐ,to lack in manners,
来迟,來遲,láichí,to arrive late,
来晚,來晚,láiwǎn,to arrive late,
拜访,拜訪,bàifǎng,to pay a visit,
活该,活該,huógāi,to get what one deserves,
平常,平常,píngcháng,ordinary; common; usually,
注重,注重,zhùzhòng,to beware,
主管,主管,zhǔguǎn,manager,
新手,新手,xīnshǒu,"newbie, novice",
难得,難得,nándé,seldom; rare; hard to come by,
想法,想法,xiǎngfǎ,thoughts; ideas,
等等,等等,děngděng,later,
代替,代替,dàitì,to replace,
拜托,拜託,bàituō,to request sb to do sth,
关照,關照,guānzhào,to look after,
指教,指教,zhǐjiào,to give advice or comments,
幸会幸会。,幸會幸會。,xìng huì xìng huì。,It’s my pleasure to meet you.,
请多多包涵。,請多多包涵。,qǐng duōduō bāohán。,Please bear with me.,
包涵,包涵,bāohán,to bear with,
第一印象,第一印象,dìyīyìnxiàng,first impression,
会计,會計,kuàijì,accountant,
好意思,好意思,hǎoyìsi,to have the nerve,
吃素,吃素,chīsù,to be a vegetarian,
而已,而已,éryǐ,just; that's it,
荣幸,榮幸,róngxìng,honor,
破费,破費,pòfèi,go to great expense,
周到,周到,zhōudào,thoughtful,
素食,素食,sùshí,vegetables,
休假,休假,xiūjià,to take a vacation,
接受,接受,jiēshòu,to accept,
抱歉,抱歉,bàoqiàn,to be sorry; to feel apologetic; sorry!,
另外,另外,lìngwài,Additionally.,
算,算,suàn,to regard as,
场合,場合,chǎnghé,situation,
借口,藉口,jièkǒu,excuse,
营销,營銷,yíngxiāo,marketing,
打扰,打擾,dǎrǎo,to bother,
考虑,考慮,kǎolǜ,to consider,
在行,在行,zàiháng,to be adept at sth,
总部,總部,zǒngbù,general headquarters,
直接,直接,zhíjiē,direct,
租金,租金,zūjīn,rent,
成员,成員,chéngyuán,members,
运费,運費,yùnfèi,freight fee,
电源线,電源線,diànyuánxiàn,power line,
接好,接好,jiēhǎo,to connect,
消息,消息,xiāoxī,news,
受欢迎,受歡迎,shòuhuānyíng,popular,
专辑,專輯,zhuānjí,album,
海尔,海爾,hǎiěr,Haier,
冰箱,冰箱,bīngxiāng,refrigerator,
惠普,惠普,huìpǔ,Hewlett-Packard,
台式电脑,台式電腦,táishìdiànnǎo,desktop computer,
算在内,算在內,suànzàinèi,to be included,
价钱,價錢,jiàqian,price,
超出,超出,chāochū,to come out above,
美元,美元,měiyuán,American dollar,
戴尔,戴爾,dàiěr,Dell,
外接电源,外接電源,wàijiēdiànyuán,external electrical power supply,
不算在内,不算在內,bùsuànzàinèi,to not be included,
包括,包括,bāokuò,to include,
主机,主機,zhǔjī,core,
硬盘,硬盤,yìngpán,hard drive,
内存,內存,nèicún,memory,
硬件,硬件,yìngjiàn,hardware,
最新款,最新款,zuìxīnkuǎn,newest model,
预算,預算,yùsuàn,budget,
品牌,品牌,pǐnpái,brand,
笔记本电脑,筆記本電腦,bǐjìběndiànnǎo,"notebook computer, laptop",
味道,味道,wèidao,flavor; smell,
摔跤,摔跤,shuāijiāo,to fall to the ground,
赶不上,趕不上,gǎnbushàng,to be unable to catch,
日程,日程,rìchéng,schedule,
被,被,bèi,[passive marker],
要不然,要不然,yàoburán,otherwise,
丢脸,丟臉,diūliǎn,"to lose face, be ashamed",
牛仔裤,牛仔褲,niúzǎikù,jeans,
发型,髮型,fāxíng,hairstyle,
以为,以為,yǐwéi,to think mistakenly,
看来,看來,kànlai,to look as if,
袖子,袖子,xiùzi,sleeve,
领子,領子,lǐngzi,collar,
故意,故意,gùyì,intentionally,
直,直,zhí,straight,
否则,否則,fǒuzé,otherwise,
提醒,提醒,tíxǐng,to remind,
烫衣板,燙衣板,tàngyībǎn,ironing board,
大概,大概,dàgài,roughly; approximately,
皱,皺,zhòu,wrinkled,
流行,流行,liúxíng,popular,
电熨斗,電熨斗,diànyùndǒu,iron,
烫,燙,tàng,to iron,
钻石项链,鑽石項鍊,zuànshíxiàngliàn,diamond necklace,
珍珠项链,珍珠項鏈,zhēnzhūxiàngliàn,pearl necklace,
锅子,鍋子,guōzi,pot,
旅客,旅客,lǚkè,traveler,
西装,西裝,xīzhuāng,suit; Western-style clothes,
手环,手環,shǒuhuán,bracelet,
手链,手鍊,shǒuliàn,bracelet,
还价,還價,huánjià,to bargain,
规定,規定,guīdìng,rules,
连衣裙,連衣裙,liányīqún,dress,
俄语,俄語,éyǔ,Russian,
领养,領養,lǐngyǎng,to adopt,
脾气,脾氣,píqì,temperament,
看法,看法,kànfǎ,way of looking at a thing; view; opinion,
改变,改變,gǎibiàn,to change,
非要,非要,fēiyào,absolutely insist on,
玩下去,玩下去,wán xiàqu,to play around,
前途,前途,qiántú,prospects; future outlook; journey,
损失,損失,sǔnshī,loss; damage,
决不能,決不能,juébùnéng,not at all,
怪兽,怪獸,guàishòu,monster,
惨,慘,cǎn,terrible; bad,
用功,用功,yònggōng,hard-working,
打怪,打怪,dǎguài,to kill monsters (term in online gaming),
组队,組隊,zǔduì,to form a team,
企鹅,企鵝,qǐé,penguin,
擦,擦,cā,to wipe,
百老汇,百老匯,bǎilǎohuì,Broadway,
音乐剧,音樂劇,yīnyuèjù,musical,
气球,氣球,qìqiú,balloon,
表演,表演,biǎoyǎn,performance; to perform,
海豚,海豚,hǎitún,dolphin,
海洋,海洋,hǎiyáng,ocean,
讨厌,討厭,tǎoyàn,to hate,
有道理,有道理,yǒudàolǐ,to make sense,
准时,準時,zhǔnshí,on time; punctual; on schedule,
没想到,沒想到,méixiǎngdào,to have no idea,
遇到,遇到,yùdào,to encounter,
拍电影,拍電影,pāidiànyǐng,to shoot a movie,
报告,報告,bàogào,report,
晒衣服,曬衣服,shàiyīfú,to hang out clothes,
晒太阳,曬太陽,shàitàiyáng,sunbathe,
修,修,xiū,to repair,
好心人,好心人,hǎoxīnrén,nice person,
晒,曬,shài,to bask/to tan,
房租,房租,fángzū,rent,
借条,借條,jiètiáo,IOU note,
过会,過會,guòhuì,in a bit (of time),
贷款,貸款,dàikuǎn,loan,
首付,首付,shǒufù,down payment,
过期,過期,guòqī,to expire,
失败,失敗,shībài,to lose,
卫生巾,衛生巾,wèishēngjīn,feminine napkin,
棉条,棉條,miántiáo,tampons,
机会,機會,jīhuì,opportunity,
骨碟,骨碟,gǔdié,small plate for bones etc.,
满,滿,mǎn,to fill; full; filled,
陪,陪,péi,to accompany; to keep sb company; to assist,
碰,碰,pèng,to touch,
洗碗,洗碗,xǐwǎn,to wash up dishes,
娘,娘,niáng,slang to mean girly when describing men,
理发店,理髮店,lǐfàdiàn,"barbershop, hair salon",
烫发,燙髮,tàngfà,to get a perm,
染发,染髮,rǎnfà,to dye one's hair,
理发师,理髮師,lǐfàshī,hairstylist,
理发,理髮,lǐfà,to get a haircut,
小偷,小偷,xiǎotōu,thief,
警察,警察,jǐngchá,Police,
摸,摸,mō,to touch,
另,另,lìng,other,
堵,堵,dǔ,to block,
蚯蚓,蚯蚓,qiūyǐn,earthworm,
裤子,褲子,kùzi,pants,
没毒,沒毒,méidú,non-poisonous,
毒蛇,毒蛇,dúshé,poisonous snake,
抓到,抓到,zhuādào,to catch,
嘘,噓,xū,shh,
有毒,有毒,yǒudú,poisonous,
蛇,蛇,shé,snake,
白宫,白宮,Báigōng,the White House,
会议室,會議室,huìyìshì,conference room,
婚假,婚假,hūnjià,marriage leave,
产假,產假,chǎnjià,maternity leave,
年假,年假,niánjià,annual leave,
蜜月,蜜月,mìyuè,honeymoon,
商品,商品,shāngpǐn,merchandise,
第五大道,第五大道,Dìwǔdàdào,Fifth Avenue,
吓人,嚇人,xiàrén,frightening,
补牙,補牙,bǔyá,to have a cavity filled,
看牙,看牙,kànyá,to see the dentist,
拔,拔,bá,to pull,
拔牙,拔牙,báyá,to pull a tooth,
西部,西部,xībù,western part,
东部,東部,dōngbù,eastern part,
空气,空氣,kōngqì,air,
暖气,暖氣,nuǎnqì,central heating,
干嘛,幹嘛,gànmá,what are you doing,
家教,家教,jiājiào,private tutor,
大衣,大衣,dàyī ,overcoat ,
油价,油價,yóujià,gas prices,
请得起,請得起,qǐng de qǐ,to be able to afford to treat someone,
吃不起,吃不起,chībuqǐ,can't afford to eat (something),
阿姨,阿姨,āyí,auntie; maternal aunt; step-mother,
香蕉皮,香蕉皮,xiāngjiāopí,banana peel,
垃圾箱,垃圾箱,lājīxiāng,garbage can,
不文明,不文明,bù wénmíng,uncivilized,
文明,文明,wénmíng,civilized,
清洁工,清潔工,qīngjiégōng,cleaner,
乱,亂,luàn,messy,
玫瑰,玫瑰,méigui,rose,
幽默,幽默,yōumò,humorous,
访问,訪問,fǎngwèn,to visit,
呆,呆,dāi,to stay,
会议,會議,huìyì,meeting; conference,
确认,確認,quèrèn,to confirm,
取消,取消,qǔxiāo,to cancel,
旅程,旅程,lǚchéng,travel itinerary,
重庆,重慶,Chóngqìng,Chongqing,
安排,安排,ānpái,to arrange,
行程,行程,xíngchéng,itinerary,
云南,雲南,Yúnnán,Yunnan province in southwest China,
瑜伽,瑜伽,yújiā,yoga,
第一名,第一名,dì yī míng,first place,
接,接,jiē,to receive,
司机,司機,sījī,driver,
地球,地球,dìqiú,the earth,
月饼,月餅,yuèbǐng,mooncake,
手套,手套,shǒutào,gloves,
杭州,杭州,Hángzhōu,Hangzhou,
女婿,女婿,nǚxu,son-in-law,
刻钟,刻鐘,kèzhōng,quarter-hour,
节目,節目,jiémù,show; program,
好客,好客,hàokè,hospitable,
进步,進步,jìnbù,progress; improvement; to improve,
围巾,圍巾,wéijīn,scarf,
歌手,歌手,gēshǒu,singer,
泰迪熊,泰迪熊,tàidíxióng,Teddy Bear,
花钱,花錢,huāqián,to spend money,
能干,能幹,nénggàn,Capable,
握笔,握筆,wòbǐ,Hold a pen,
表扬,表揚,biǎoyáng,to praise,
失望,失望,shīwàng,disappointed,
业绩,業績,yèjì,outstanding achievement,
满意,滿意,mǎnyì,satisfied,
生在,生在,shēngzài,to be born in,
钢琴,鋼琴,gāngqín,piano,
太极拳,太極拳,tàijíquán,Tai Chi,
跆拳道,跆拳道,táiquándào,taekwondo,
合气道,合氣道,héqìdào,akido,
柔道,柔道,róudào,judo,
功夫,功夫,gōngfu,kung fu,
打拳,打拳,dǎquán,to punch,
踢腿,踢腿,tītuǐ,to kick,
游戏机,游戲機,yóuxìjī,video game consoles,
武术,武術,wǔshù,martial arts,
风水,風水,fēngshuǐ,feng shui,
感兴趣,感興趣,gǎn xìngqù,to feel interested,
不过,不過,bùguò,but,
温柔,溫柔,wēnróu,gentle and soft,
丑,醜,chǒu,ugly,
压力,壓力,yālì,pressure,
困,睏,kùn,sleepy,
打哈欠,打哈欠,dǎ hāqiàn,to yawn,
做梦,做夢,zuòmèng,to dream,
举重,舉重,jǔzhòng,weight lifting,
经济,經濟,jīngjì,economy,
教练,教練,jiàoliàn,coach,
肌肉,肌肉,jīròu,muscle,
发达,發達,fādá,developed,
身材,身材,shēncái,physique,
运动员,運動員,yùndòngyuán,athlete,
厘米,釐米,límǐ,centimeters,
变形金刚,變形金剛,Biànxíngjīngāng,Transformers,
奥特曼,奧特曼,Aòtèmàn,Ultraman,
乖,乖,guāi,well-behaved,
微笑,微笑,wēixiào,to smile,
好事,好事,hǎoshì,good thing,
个子,個子,gèzi,stature,
吹风机,吹風機,chuīfēngjī,drier,
剃须刀,剃鬚刀,tìxūdāo,shaver,
刮胡子,刮鬍子,guā húzi,shave,
牙膏,牙膏,yágāo,toothpaste,
佐料,佐料,zuǒliào,'seasoning,
茄子,茄子,qiézi,eggplant,
味精,味精,wèijīng,MSG,
复杂,複雜,fùzá,complicated,
最后,最後,zuìhòu,finally,
学会,學會,xuéhuì,to have learned how to do something,
鸡丁,雞 丁,jīdīng,'diced chicken,
花生,花生,huāshēng,peanuts,
宫保鸡丁,宮保雞丁,gōngbǎojīdīng,kung pow chicken,
头脑,頭腦,tóunǎo,brain,
西藏,西藏,Xīzàng,Tibet,
金茂大厦,金茂大廈,Jīnmào Dàshà,Jinmao Tower,
导游,導遊,dǎoyóu,tour guide,
旅行团,旅行團,lǚxíngtuán,tour group,
东方明珠,東方明珠,Dōngfāng Míngzhū,the Oriental Pearl Tower,
名胜,名勝,míngshèng,place famous for its scenery or historic interest,
风景,風景,fēngjǐng,scenery,
兵马俑,兵馬俑,Bīngmǎyǒng,Terracotta Soldiers,
外滩,外灘,Wàitān,the Bund,
颐和园,頤和園,Yíhéyuán,Summer Palace,
故宫,故宮,Gùgōng,The Forbidden City,
野餐,野餐,yěcān,picnic,
西安,西安,Xī\'ān,Xi'an,
蚂蚁,螞蟻,mǎyǐ,ant,
国歌,國歌,guógē,national anthem,
交换,交換,jiāohuàn,exchange,
有意思,有意思,yǒu yìsi,interesting,
母语,母語,mǔyǔ,mother tongue,
练习,練習,liànxí,to practice,
接下来,接下來,jiē xiàlái,next,
拉丁舞,拉丁舞,lādīngwǔ,Latin dancing,
博客,博客,bókè,blog,
课文,課文,kèwén,text,
词语,詞語,cíyǔ,terms,
重复,重複,chóngfù,to repeat,
爱上,愛上,àishàng,to fall in love,
回复,回復,huífù,to reply to revert to,
谎言,謊言,huǎngyán,lie,
留言,留言,liúyán,to leave a message,
论坛,論壇,lùntán,forum,
朋友圈,朋友圈,péngyouquān,circle of friends,
腾讯,騰訊,Téngxùn,"Tencent, a Chinese software company",
简历,簡歷,jiǎnlì,resume,
网址,網址,wǎngzhǐ,internet address,
冲浪,沖浪,chōnglàng,surf,
酸,酸,suān,sour,
橱窗,櫥窗,chúchuāng,shop-window,
杂志,雜志,zázhì,magazine,
新闻,新聞,xīnwén,news,
浏览,瀏覽,liúlǎn,to browse,
牌子,牌子,páizi,brand,
网名,網名,wǎngmíng,internet name,
翻墙软件,翻牆軟件,fānqiáng ruǎnjiàn,‘software that breaches the Great Firewall‘,
留,留,liú,stay,
弄,弄,nòng,to do,
相册,相冊,xiàngcè,photo album,
联系人,聯繫人,liánxìrén,contacts,
选择,選擇,xuǎnzé,to choose,
信息,信息,xìnxī,information,
土,土,tǔ,"out-dated, unfashionable",
头像,頭像,tóuxiàng,"profile photo, portrait",
上线,上線,shàngxiàn,online,
习惯,習慣,xíguàn,to be accustomed to,
陌生人,陌生人,mòshēngrén,stranger,
登录,登錄,dēnglù,sign in,
网友,網友,wǎngyǒu,online friend,
保持,保持,bǎochí,to keep; to maintain; to hold,
附近,附近,fùjìn,in the vicinity,
草稿箱,草稿箱,cǎogǎo xiāng,draft box,
收件箱,收件箱,shōujiànxiāng,inbox,
发件箱,發件箱,fājiànxiāng,sending box,
垃圾邮件,垃圾郵件,lājī yóujiàn,junk mail,
就好了,就好了,jiùhǎole,that\'s good enough,
收藏夹,收藏夾,shōucángjiā,favorites (folder),
添加,添加,tiānjiā,to add,
收藏,收藏,shōucáng,to bookmark,
视频,視頻,shìpín,video,
显示器,顯示器,xiǎnshìqì,monitor,
键盘,鍵盤,jiànpán,keyboard,
鼠标,鼠標,shǔbiāo,mouse,
保存,保存,bǎocún,to save,
重启,重啟,chóngqǐ,to restart,
文件,文件,wénjiàn,document,
糟糕,糟糕,zāogāo,darn,
申请,申請,shēnqǐng,to apply,
放弃,放棄,fàngqì,to renounce; to abandon; to give up,
只要,只要,zhǐyào,just to be; only need,
收音机,收音機,shōuyīnjī,radio,
按钮,按鈕,ànniǔ,button,
并不,並不,bìngbù,not at all,
比尔·盖茨,比尔·蓋茨,bǐěrgàicí,Bill Gates,
镜头,鏡頭,jìngtóu,camera lens; camera shot (in a movie etc); scene,
幻灯片,幻燈片,huàngdēngpiàn,slideshow,
好用,好用,hǎoyòng,easy to use,
软件,軟件,ruǎnjiàn,software,
微软,微軟,Wēiruǎn,Microsoft,
输入法,輸入法,shūrùfǎ,input method,
切换,切換,qiēhuàn,to switch over,
管道,管道,guǎndào,tubing; pipeline; (fig.) channel,
旧,舊,jiù,old,
电影院,電影院,diànyǐngyuàn,movie theater,
安卓,安卓,Ānzhuó,Android (operating system for mobile devices),
变压器,變壓器,biànyāqì,transformer,
感激,感激,gǎnjī,to be grateful; to appreciate; thankful,
人们,人們,rénmen,people,
挂号,掛號,guàhào,to register (at a hospital etc),
太阳能,太陽能,tàiyángnéng,solar energy,
汽车,汽車,qìchē,car,
反应,反應,fǎnyìng,reaction,
零售店,零售店,língshòu diàn,retail store,
平板电脑,平板電腦,píngbǎn diànnǎo,tablet computer,
自拍,自拍,zìpāi,to take a selfie,
时,時,shí,"when, at the time",
帽子,帽子,màozi,hat,
刚才,剛才,gāngcái,just now,
联系方式,聯繫方式,liánxì fāngshì,contact information,
堵车,堵車,dǔchē,traffic jam,
天,天,tiān,day,
占线,占線,zhànxiàn,busy signal,
停机,停機,tíngjī,out of credit,
打得通,打得通,dǎdetōng,"to connect, to go through",
不会吧,不會吧,bù huì ba,‘no way‘,
打不通,打不通,dǎbutōng,to be unable to connect,
从来,從來,cónglái,never (if used in negative sentence),
德语,德語,Déyǔ,German (language),
柏林,柏林,Bólín,Berlin,
床单,床單,chuángdān,bed sheet,
塑胶,塑膠,sùjiāo,plastic,
晚点,晚點,wǎndiǎn,a while later,
不幸,不幸,bùxìng,unfortunate,
求,求,qiú,to beg,
棒球,棒球,bàngqiú,baseball,
人生,人生,rénshēng,life,
爱情,愛情,àiqíng,love life,
书法,書法,shūfǎ,calligraphy,
顺利,順利,shùnlì,smoothly,
谈生意,談生意,tánshēngyi,to have business talks,
退休,退休,tuìxiū,to retire,
享受,享受,xiǎngshòu,to enjoy; to live it up; pleasure,
邮差,郵差,yóuchāi,postman,
吵,吵,chǎo,noisy,
厨房,廚房,chúfáng,kitchen,
衣橱,衣櫥,yīchú,wardrobe,
洋装,洋裝,yángzhuāng,dress,
着,著,zhe,aspect particle indicating action in progress,
整理,整理,zhěnglǐ,to tidy up,
煮饭,煮飯,zhǔfàn,to cook,
停电,停電,tíngdiàn,power cut,
突然,突然,tūrán,suddenly,
丢,丟,diū,to dump; to drop,
文法,文法,wénfǎ,grammar,
演唱会,演唱會,yǎnchànghuì,concert,
一壶茶,一壺茶,yīhúchá,a pot of tea,
想像,想像,xiǎngxiàng,to imagine,
难,難,nán,difficult,
成功,成功,chénggōng,success; to succeed,
功课,功課,gōngkè,homework,
结束,結束,jiéshù,"to finish, to end",
堂,堂,táng,"classifier for classes, lectures etc",
交,交,jiāo,to get (a friend),
倒霉,倒霉,dǎoméi,to have bad luck,
摔倒,摔倒,shuāidǎo,to fall down,
搞丟,搞丟,gǎodiū,to lose (something),
死了,死了,sǐle,"so, very",
当天,當天,dāngtiān,on that day,
热闹,熱鬧,rènao,bustling with noise and excitement,
好险,好險,hǎoxiǎn,to have a close call,
死机,死機,sǐjī,to freeze,
媒体,媒體,méitǐ,media,
社群,社群,shèqún,social,
登入,登入,dēngrù,to log in (to a computer),
谷歌,穀歌,Gǔgē,Google,
肚子,肚子,dùzi,belly; abdomen; stomach,
可疑,可疑,kěyí,suspicious,
前女友,前女友,qiánnǚyǒu,ex-girlfriend,
醒来,醒來,xǐnglái,to wake up,
日文,日文,Rìwén,Japanese (language),
一...就,一...就,yī...jiù...,Once...then...,
兴奋,興奮,xīngfèn,excited,
毕业,畢業,bìyè,graduation; to graduate; to finish school,
期待,期待,qīdài,to look forward to,
暑假,暑假,shǔjià,summer vacation,
就要,就要,jiùyào,about to; going to,
午觉,午覺,wǔjiào,siesta,
当上,當上,dāngshang,to take up duty as; to assume a position; to assume,
卫生间,衛生間,wèishēngjiān,bathroom; toilet; WC,
充电器,充電器,chōngdiànqì,battery charger,
没电,沒電,méidiàn,discharged; flat; dead (of batteries),
分手,分手,fēnshǒu,to split up,
盒饭,盒飯,héfàn,boxed meal,
过山车,過山車,guòshānchē,rollercoaster,
爸妈,爸媽,bàmā,dad and mom,
邀请,邀請,yāoqǐng,to invite; invitation,
建议,建議,jiànyì,to propose; to suggest; to recommend,
海边,海邊,hǎibiān,coast; seaside; seashore,
欣赏,欣賞,xīnshǎng,to appreciate,
爵士,爵士,juéshì,jazz,
球类,球類,qiúlèi,ball sports,
友善,友善,yǒushàn,friendly,
除了,除了,chúle,besides; apart from (... also...); in addition to,
全都,全都,quándōu,all,
都不,都不,dōubù,all not,
牛肉面,牛肉麵,niúròumiàn,beef noodle soup,
太阳镜,太陽鏡,tàiyángjìng,sunglasses,
兰姆,蘭姆,lánmǔ,rum (beverage) (loanword),
耳环,耳環,ěrhuán,earrings,
其实,其實,qíshí,in fact,
电池,電池,diànchí,battery,
吸管,吸管,xīguǎn,straw,
茶包,茶包,chábāo,tea bag,
伤心,傷心,shāngxīn,to be hurt,
去世,去世,qùshì,to pass away,
孕妇,孕婦,yùnfù,pregnant woman,
傻,傻,shǎ,foolish,
什么的,什麼的,shénme de,and so on,
校园,校園,xiàoyuán,campus,
景点,景點,jǐngdiǎn,scenic spot,
校长办公室,校長辦公室,xiàozhǎngbàngōngshì,principal's office,
教学大楼,教學大樓,jiàoxuédàlóu,classroom building,
操场,操場,cāochǎng,playground,
宿舍,宿舍,sùshè,dormitory,
食堂,食堂,shítáng,dining hall,
参观,參觀,cānguān,to look around; to tour; to visit,
不可能,不可能,bù kěnéng,impossible,
包裹,包裹,bāoguǒ,package,
束,束,shù,bouquet (measure word),
浇,澆,jiāo,to pour,
夜店,夜店,yèdiàn,nightclub,
新娘,新娘,xīnniáng,bride,
铅笔,鉛筆,qiānbǐ,lead pencil,
原子笔,原子筆,yuánzǐbǐ,ball point pen,
手指,手指,shǒuzhǐ,finger,
表姐,表姐,biǎojiě,older female cousin (also term of address),
指,指,zhǐ,to point,
长,長,zhǎng,to grow,
三胞胎,三胞胎,sānbāotāi,triplets,
四胞胎,四胞胎,sìbāotāi,quadruplets,
龙凤胎,龍鳳胎,lóngfèngtāi,twins of mixed sex,
拦截,攔截,lánjié,to tackle,
传球,傳球,chuánqiú,to pass,
精彩,精彩,jīngcǎi,wonderful,
橄榄,橄欖,gǎnlǎn,olive,
决赛,決賽,juésài,finals,
无所谓,無所謂,wúsuǒwèi,to be indifferent; not to matter; cannot be said to be,
在乎,在乎,zàihu,to care about,
伤口,傷口,shāngkǒu,"cut, wound",
破了,破了,pò le,"to be broken, worn out",
膝盖,膝蓋,xīgài,knee,
注意到,注意到,zhùyì dào,to notice,
网站,網站,wǎngzhàn,website,
一号线,一號線,yī hào xiàn,Line 1,
自来水,自來水,zìláishuǐ,"tap water, running water",
方向感,方向感,fāngxiànggǎn,sense of direction,
方向,方向,fāngxiàng,direction,
安检,安檢,ānjiǎn,security check,
奥运会,奧運會,Aòyùnhuì,Olympics,
10月底,10月底,shí yuè dǐ,at the end of October,
保重,保重,bǎozhòng,to take care of oneself,
一路平安,一路平安,yīlùpíng\'ān,to have a safe trip,
卡片,卡片,kǎpiàn,card,
照相机,照相機,zhàoxiàngjī,camera,
横,橫,héng,horizontal,
签证,簽證,qiānzhèng,visa; certificate; to certify,
明星,明星,míngxīng,star,
服务台,服務臺,fúwùtái,information desk,
买房,買房,mǎifáng,to buy an apartment,
将来,將來,jiānglái,the future,
托运,托運,tuōyùn,to check,
道歉,道歉,dàoqiàn,to apologize,
骂,罵,mà,to scold; to abuse; to curse,
辛苦,辛苦,xīnkǔ,hard work,
看病,看病,kànbìng,to have an illness seen by a doctor,
听说,聽說,tīngshuō,to hear (sth said),
周三,周三,zhōusān,Wednesday,
流,流,liú,to flow,
疼,疼,téng,(it) hurts; sore; to love dearly,
苦,苦,kǔ,bitter,
咳嗽,咳嗽,késou,cough,
流鼻涕,流鼻涕,liú bítì,to have a runny nose,
租,租,zū,to rent,
算了,算了,suàn le,forget it,
无数次,無數次,wúshùcì,countless times,
部门,部門,bùmén,department; branch; section,
大部分,大部分,dàbùfen,in large part; the greater part; the majority,
开水,開水,kāishuǐ,boiled water,
其他,其他,qítā,other; (sth or sb) else; the rest,
紫色,紫色,zǐsè,purple,
灰色。,灰色。,huīsè。,Gray.,
蹲,蹲,dūn,to squat,
个人,個人,gèrén,individual,
合作,合作,hézuò,to cooperate; to collaborate; to work together,
从来不,從來不,cónglái bù,never,
大方,大方,dàfang,magnanimous; natural; poised; generous,
工资,工資,gōngzī,salary,
气温,氣溫,qìwēn,air temperature,
港币,港幣,Gǎngbì,Hong Kong dollar,
比分,比分,bǐfēn,score,
队,隊,duì,line,
悉尼,悉尼,Xīní,Sydney,
日元,日元,Rìyuán,Japanese yen,
低,低,dī,low,
洗澡,洗澡,xǐzǎo,to bathe,
宾馆,賓館,bīnguǎn,guesthouse,
扔,扔,rēng,to throw,
为了,為了,wèile,in order to,
争,爭,zhēng,to struggle,
AA制,AA制,AA zhì,to go dutch,
餐巾纸,餐巾紙,cānjīnzhǐ,napkin,
收走,收走,shōuzǒu,to clear away,
打扮,打扮,dǎban,to dress up,
答案,答案,dá àn,answer,
题目,題目,tímù,subject; topic,
桌球,桌球,zhuōqiú,pool,
保龄球,保齡球,bǎolíngqiú,bowling,
学霸,學霸,xuébà,top student,
成绩,成績,chéngjì,achievement; performance records; grades,
子弹,子彈,zǐdàn,bullet,
从今以后,從今以後,cóngjīnyǐhòu,from now on,
赚,賺,zhuàn,to earn,
电脑病毒,電腦病毒,diànnǎobìngdú,computer virus,
危险,危險,wēixiǎn,dangerous,
城市,城市,chéngshì,city; town,
料理,料理,liàolǐ,cuisine,
厨师,廚師,chúshī,chef,
名厨,名廚,míngchú,famous chef,
力气,力氣,lìqi,strength,
米粉,米粉,mǐfěn,rice-flour noodles,
水饺,水餃,shuǐjiǎo,boiled dumpling,
想不到,想不到,xiǎngbùdào,wouldn't have thought,
V.不下,V.不下,bùxià,verb complement denoting something will not fit,
袋,袋,dài,sack,
裙子,裙子,qúnzi,skirt,
成熟,成熟,chéngshóu,mature,
任性,任性,rènxìng,willful; headstrong,
款式,款式,kuǎnshì,model,
式样,式樣,shìyàng,style,
适合,適合,shìhé,to fit,
项链,項鏈,xiàngliàn,necklace,
葡萄干,葡萄乾,pútaogān,raisin,
新疆,新疆,xīnjiāng,Xinjiang,
羊肉串儿,羊肉串兒,yángròuchuànr,lamb kebab,
新鲜,新鮮,xīnxiān,"fresh (experience, food etc); freshness; novel",
摇一摇,搖一搖,yáo yī yáo,to shake,
免费,免費,miǎnfèi,free,
微信,微信,wēixìn,WeChat,
网络,網絡,wǎngluò,internet,
永远,永遠,yǒngyuǎn,forever,
黑客,黑客,hēikè,hacker (computing) (loanword),
三剑客,三劍客,sānjiànkè,the three musketeers,
播客,播客,bōkè,podcast,
观光客,觀光客,guānguāngkè,tourist,
房客,房客,fángkè,tenant,
客厅,客廳,kètīng,living room,
请客,請客,qǐngkè,to treat sb. to a meal or a drink,
还,還,huán,to return,
发福,發福,fā fú,to gain weight,
发财,發財,fā cái,to gain wealth,
发现,發現,fā xiàn,to discover,
发火,發火,fā huǒ,to be angry,
恭喜,恭喜,gōngxǐ,congratulations,
中奖,中獎,zhòngjiǎng,to win a prize,
走样,走樣,zǒuyàng,to lose one's shape,
走音,走音,zǒuyīn,off-key,
带走,帶走,dàizǒu,to take out,
内用,內用,nèiyòng,to eat in (at a restaurant),
跑走,跑走,pǎozǒu,to run away,
走道,走道,zǒudào,"pathway, walkway",
打麻将,打麻將,dǎ májiàng,play mahjong.,
打牌,打牌,dǎ pái,play cards,
打鼓,打鼓,dǎ gǔ,play the drum,
放心,放心,fàng xīn,rest assured,
心情,心情,xīn qíng,mood,
购物,購物,gòuwù,shopping,
心痛,心痛,xīn tòng,heartbreak,
心脏,心臟,xīn zàng,heart,
拍照,拍照,pāizhào,to take a photo,
工厂,工廠,gōngchǎng,factory,
偶尔,偶爾,ǒuěr,occasionally,
彩虹,彩虹,cǎihóng,rainbow,
出问题,出問題,chūwèntí,to have sth go wrong,
出事,出事,chūshì,to have an accident,
名牌,名牌,míngpái,famous brands,
包房,包房,bāofáng,private room; rented room,
包车,包車,bāochē,to rent a car,
背包客,背包客,bēibāokè,backpacker,
便利店,便利店,biànlìdiàn,convenience store,
拉面,拉麵,lāmiàn,ramen,
面子,面子,miànzi,honor,
面试,面試,Miànshì,to be interviewed (as a candidate),
公主,公主,gōngzhǔ,princess,
分公司,分公司,fēngōngsī,branch office,
迪士尼公主,迪士尼公主,díshìnígōngzhǔ,Disney princess,
公公,公公,gōnggong,husband’s father,
公主病,公主病,gōngzhǔbìng,princess syndrome,
公共场所,公共場所,gōnggòngchǎngsuǒ,public space,
打包,打包,dǎbāo,take away,
星巴克,星巴克,Xīngbākè,Starbucks,
香水,香水,xiāngshuǐ,perfume,
辣酱,辣醬,làjiàng,hot sauce,
醋,醋,cù,vinegar,
酱油,醬油,jiàngyóu,soy sauce,
走廊,走廊,zǒuláng,corridor,
往返,往返,wǎngfǎn,round-trip,
单程,單程,dānchéng,one-way,
退,退,tuì,"to return, to give back",
酸奶,酸奶,suānnǎi,yoghurt,
标准间,標準間,biāozhǔn jiān,standard room,
大床房,大床房,dàchuángfáng,room with a king-size bed,
牙刷,牙刷,yáshuā,toothbrush,
游泳池,游泳池,yóuyǒngchí,swimming pool,
无烟,無煙,wúyān,smoke-free,
关机,關機,guānjī,turn off the machines,
经验,經驗,jīngyàn,experience,
相关,相關,xiāngguān,"about, related",
关心,關心,guānxīn,care for somebody,
海关,海關,hǎiguān,customs,
眼镜,眼鏡,yǎnjìng,spectacles; eyeglasses,
眼睛,眼睛,yǎnjīng,eye,
外卖,外賣,wàimài,to go,
嘴,嘴,zuǐ,mouth,
皮肤,皮膚,pífū,skin,
脚,腳,jiǎo,foot (usually spoken),
宿醉,宿醉,sùzuì,hangover,
听错,聽錯,tīngcuò,to mishear,
看错,看錯,kàncuò,to see mistakenly; misread,
纠正,糾正,jiūzhèng,to correct,
小名,小名,xiǎomíng,nickname,
骑马,騎馬,qímǎ,to ride a horse,
小费,小費,xiǎofèi,tip,
特快,特快,tèkuài,express train (not as fast as the high-speed train),
动车,動車,dòngchē,"high speed train, an extremely fast train line",
产品,產品,chǎnpǐn,product,
上不了网,上不了網,shàng buliǎo wǎng,to be unable to get online,
无线上网,無線上網,wúxiàn shàngwǎng,wireless internet access,
字母,字母,zìmǔ,letter of an alphabet,
收到,收到,shōudào,to receive,
支付宝,支付寶,Zhīfùbǎo,AliPay,
充值,充值,chōngzhí,to recharge; to replenish,
质量,質量,zhìliàng,quality; (physics) mass,
运气,運氣,yùnqi,luck,
除,除,chú,to divide,
乘,乘,chéng,to multiply,
减,減,jiǎn,to subtract,
糊涂,糊涂,hútu,confused,
厉害,厲害,lìhai,difficult to deal with; difficult to endure; ferocious,
懒,懶,lǎn,lazy,
普通话,普通話,pǔtōnghuà,Mandarin Chinese,
课本,課本,kèběn,textbook,
铃声,鈴聲,língshēng,ringtone,
烦,煩,fán,to feel vexed; to bother; to trouble,
响,響,xiǎng,loud,
排队,排隊,páiduì,to line up,
四川,四川,Sìchuān,Sichuan,
餐厅,餐廳,cāntīng,restaurant,
饮料,飲料,yǐnliào,drink,
味道,味道,wèidao,taste,
红烧肉,紅燒肉,hóngshāoròu,soy braised pork,
麻婆豆腐,麻婆豆腐,mápó dòufu,stir-fried spicy tofu,
青菜,青菜,qīngcài,green vegetable; greens; Chinese cabbage,
挑剔,挑剔,tiāoti,picky,
耳朵,耳朵,ěrduo,ear,
好处,好處,hǎochu,benefit,
年纪,年紀,niánjì,age,
聋子,聾子,lóngzi,deaf person,
聋,聾,lóng,deaf,
旅行社,旅行社,lǚxíngshè,travel agency,
不管,不管,bùguǎn,not to be concerned; regardless of; no matter,
记得,記得,jìde,to remember,
辣椒,辣椒,làjiāo,hot pepper,
盘,盤,pán,plate,
稍等,稍等,shāoděng,to wait a moment,
牙齿,牙齒,yáchǐ,tooth,
胃,胃,wèi,stomach,
喉咙,喉嚨,hóulóng,throat,
墙上,牆上,qiáng shang,on the wall,
口袋,口袋,kǒudài,pocket,
货币,貨幣,huòbì,"money, currency",
布丁,布丁,bùdīng,pudding (loanword),
卖完,賣完,màiwán,to be sold out,
赢,贏,yíng,to win,
一秒,一秒,yīmiǎo,a second,
一下子,一下子,yīxiàzi,in a short while,
一块儿,一塊兒,yīkuàir,together,
读书,讀書,dúshū,study,
糟了,糟了,zāo le,dammit,
妙丽,妙麗,miàolí,Hermione,
哈利波特,哈利波特,hālìbōtè,Harry Potter,
他什么都不吃。,他甚麼都不吃。,tā shénme dōu bù chī。,He doesn't eat anything.,
我什么都吃。,我甚麼都吃。,wǒ shénme dōu chī。,I eat anything.,
谁都,誰都,shéidōu,everyone,
欧洲,歐洲,Ōuzhōu,Europe,
现在的,,xiàn zài de,current,
夜市,夜市,yèshì,night market,
百货公司,百貨公司,bǎihuò gōngsī,department store,
认真,認真,rènzhēn,conscientious; earnest; serious,
挖,挖,wā,to dig; to excavate; to scoop out,
听话,聽話,tīnghuà,to do as one is told; obedient,
番茄,番茄,fānqié,tomato,
别的,別的,biéde,other,
动作,動作,dòngzuò,movement,
三分之一,三分之一,sānfēnzhīyī,One third.,
四分之三,四分之三,sìfēnzhīsān,Three quarters.,
四分之一,四分之一,sìfēnzhīyī,One quarter.,
亿万富翁,億萬富翁,yìwàn fùwēng,Billionaire.,
一亿,一億,yī yì,"100,000,000.",
一千万,一千萬,yī qiān wàn,"10,000,000.",
百万富翁,百萬富翁,bǎiwàn fùwēng,Millionaire.,
一百万,一百萬,yī bǎi wàn,"1,000,000.",
十万,十萬,shí wàn,"100,000.",
假期,假期,jiàqī,vacation,
国定假日,國定假日,guódìng jiàrì,national holiday,
病假,病假,bìngjià,sick leave,
员工,員工,yuángōng,employee,
中秋节,中秋節,Zhōngqiū jié,Mid-Autumn Moon Festival,
端午节,端午節,Duānwǔ jié,Dragon Boat Festival,
母亲节,母親節,Mǔqīn jié,Mother's Day,
总是,總是,zǒngshì,always,
怪不得,怪不得,guàibude,no wonder!,
拿,拿,ná,to hold,
血,血,xiě,blood,
本来,本來,běnlái,originally,
原来,原來,yuánlái,to turn out,
相当,相當,xiāngdāng,Quite.,
十分,十分,shífēn,Very.,
极了,極了,jí le,Extremely.,
有用,有用,yǒuyòng,useful,
旧金山,舊金山,Jiùjīnshān,San Francisco,
不得了,不得了,bùdéliǎo,Extremely.,
百分之八十,百分之八十,bǎifēnzhī bāshí,80%.,
超人,超人,chāorén,Superman.,
超,超,chāo,exceedingly,
棒,棒,bàng,excellent; great,
一般般,一般般,yībānbān,Not bad.,
觉得,覺得,juéde,to think,
够了,夠了,gòu le,enough,
宽,寬,kuān,lenient; wide; broad,
必须,必須,bìxū,must,
量词,量詞,liàngcí,Measure word.,
韩国,韓國,Hánguó,South Korea,
办法,辦法,bànfǎ,means; method; way (of doing sth),
简单,簡單,jiǎndān,simple,
特别,特別,tèbié,special,
宾语,賓語,bīnyǔ,object,
变成,變成,biànchéng,to change into,
方法,方法,fāngfǎ,way,
总结,總結,zǒngjié,to summarize,
单,單,dān,single,
音节,音節,yīnjié,syllable,
双,雙,shuāng,pair,
文章,文章,wénzhāng,article; essay; literary works,
一篇,一篇,yīpiān,measure word for articles,
诗,詩,shī,poem; poetry,
封,封,fēng,measure word for letters,
等于,等於,děngyú,equal to,
大于,大於,dàyú,greater than,
小于,小於,xiǎoyú,less than,
约数,約數,yuēshù,approximate numbers,
傲慢与偏见》,傲慢與偏見》,Àomàn yǔ piānjiàn》,"Pride and Prejudice.",
标题,標題,biāotí,subject,
分享,分享,fēnxiǎng,to share,
无关,無關,wúguān,unrelated,
介词,介詞,jiècí,preposition,
常用,常用,chángyòng,often used,
日本,日本,Rìběn,Japan,
与,與,yǔ,with,
扫,掃,sǎo,to sweep,
作用,作用,zuòyòng,function,
短,短,duǎn,short,
很久,很久,hěnjiǔ,very long time,
打死,打死,dǎsǐ,to hit so it dies,
区别,區別,qūbié,difference; to distinguish; to discriminate,
比如说,比如說,bǐrú shuō,for example,
奇怪,奇怪,qíguài,strange,
小时候,小時候,xiǎo shíhou,in one's childhood,
讲,講,jiǎng,to say,
内,內,nèi,within,
保护,保護,bǎohù,to protect; to defend; to safeguard,
担心,擔心,dānxīn,to be anxious,
发生,發生,fāshēng,to happen,
将要,將要,jiāng yào,to be going to,
到期,到期,dàoqī,to expire,
举行,舉行,jǔxíng,to hold,
南非,南非,Nánfēi,South Africa,
将,將,jiāng,will,
比赛,比賽,bǐsài,competition,
美容院,美容院,měiróngyuàn,beauty parlour,
圣诞节,聖誕節,shèngdànjié,Christmas,
下载,下載,xiàzài,to download,
浪漫,浪漫,làngmàn,romantic,
楼下,樓下,lóuxià,downstairs,
上山下海,上山下海,shàng shān xià hǎi,doing everything everywhere,
上工,上工,shànggōng,to start to work,
上传,上傳,shàngchuán,to upload,
老样子,老樣子,lǎoyàngzi,as usual,
老地方,老地方,lǎodìfang,rendezvous,
老街,老街,lǎojiē,old street,
恶心,噁心,ěxīn,disgusting,
老鹰,老鷹,lǎoyīng,(coll.) eagle,
老爸,老爸,lǎobà,(coll.) father,
老妈,老媽,lǎomā,(coll.) mother,
老婆,老婆,lǎopó,(coll.) wife,
老公,老公,lǎogōng,(coll.) husband,
老天爷,老天爺,lǎotiānyé,The Heavens,
样子,樣子,yàngzi,appearance; manner; pattern,
想念,想念,xiǎngniàn,to miss; to remember with longing; to long to see again,
老歌,老歌,lǎogē,oldie (song),
经典,經典,jīngdiǎn,classic,
烤鸭,烤鴨,kǎoyā,roast duck,
屋,屋,wū,room,
进,進,jìn,to enter,
展览馆,展覽館,zhǎnlǎnguǎn,exhibition hall,
人家,人家,rénjiā,person,
得,得,děi,must,
谈,談,tán,to talk; to speak; to negotiate,
待,待,dāi,to stay,
到达,到達,dàodá,to arrive,
的话,的話,dehuà,if,
做完,做完,zuò wán,to finish doing,
定,定,dìng,to set,
婚礼,婚禮,hūnlǐ,wedding,
好好,好好,hǎohāo,earnestly,
伦敦,倫敦,Lúndūn,London,
容易,容易,róngyì,easy,
生活,生活,shēnghuó,life,
巧,巧,qiǎo,coincidental,
碰到,碰到,pèngdào,to bump into,
幸福,幸福,xìngfú,happiness,
可怜,可憐,kělián,pitiful,
蚊子,蚊子,wénzi,mosquito,
好像,好像,hǎoxiàng,"seem like, feel like",
教室,教室,jiàoshì,classroom,
出发,出發,chūfā,"to set off, to head out",
闹钟,鬧鐘,nàozhōng,alarm clock,
一定,一定,yīdìng,have to,
做客,做客,zuòkè,to be a guest,
咬,咬,yǎo,to bite,
宠物,寵物,chǒngwù,pet,
养,養,yǎng,to raise,
遛狗,遛狗,liùgǒu,to walk a dog,
走开,走開,zǒukāi,go away,
放开,放開,fàngkāi,let go,
开饭,開飯,kāifàn,come and eat,
开学,開學,kāixué,Start a new semester.,
暗,暗,àn,dark,
零钱,零錢,língqián,change (of money); small change; pocket money,
角,角,jiǎo,one-tenth yuan,
毛,毛,máo,one-tenth yuan (spoken Chinese),
找钱,找錢,zhǎoqián,to give change,
盒,盒,hé,box,
夏天,夏天,xiàtiān,summer,
嫁给,嫁給,jiàgěi,to marry,
而且,而且,érqiě,moreover,
照顾,照顧,zhàogu,to look after,
肯,肯,kěn,to be willing,
省钱,省錢,shěngqián,to save money,
气候,氣候,qìhòu,climate,
春天,春天,chūntiān,spring (season),
秋天,秋天,qiūtiān,autumn,
湿,濕,shī,wet,
闷,悶,mēn,stuffy,
吃得惯,吃得慣,chīdeguàn,to be accustomed to eating,
大声,大聲,dàshēng,loud voice; in a loud voice; loudly,
差,差,chà,bad; to differ from; to fall short of; lacking,
看不清,看不清,kànbuqīng,to be unable to see clearly,
看得清,看得清,kàndeqīng,to be able to see clearly,
信号,信號,xìnhào,signal,
回答,回答,huídá,to answer,
亲爱的,親愛的,qīn\'ài de,honey,
惊喜,驚喜,jīngxǐ,pleasant surprise,
感恩节,感恩節,Gǎn\'ēnjié,Thanksgiving Day,
那就这样吧。,那就這樣吧。,nà jiù zhèyàng ba。,So how about we leave it at that.,
挂,掛,guà,to hang or suspend (from a hook etc),
口语,口語,kǒuyǔ,oral language,
理解,理解,lǐjiě,to comprehend,
身体,身體,shēntǐ,"body, health",
可是,可是,kěshì,but,
壮,壯,zhuàng,"strong, robust",
材料,材料,cáiliào,Ingredients,
信,信,xìn,letter; mail,
黑车,黑車,hēichē,illegal taxi,
椅子,椅子,yǐzi,chair,
待会,待會,dāihuǐr,in a little while,
没办法,沒辦法,méi bànfǎ,to have no solution,
准备,準備,zhǔnbèi,to prepare,
学期,學期,xuéqī,"semester, term",
风,風,fēng,wind,
雾,霧,wù,fog,
哈尔滨,哈爾濱,Hā'ěrbīn,Harbin,
堆,堆,duī,to pile up; to heap up; a mass,
脏,髒,zāng,dirty,
算命,算命,suànmìng,fortune-telling,Difficult Words
怎么办,怎麼辦,zěnme bàn,what should be done,
搭,搭,dā,to ride (in a vehicle),
瑞士,瑞士,Ruìshì,Switzerland,
滑雪,滑雪,huáxuě,skiing,
化学,化學,huàxué,chemistry,
恐龙,恐龍,kǒnglóng,dinosaur,
做生意,做生意,zuò shēngyi,to do business,
起飞,起飛,qǐfēi,to take off,
飞往,飛往,fēiwǎng,to fly to,
跳,跳,tiào,to jump,
结果,結果,jiéguǒ,results,Difficult Words
化验,化驗,huàyàn,lab test,Difficult Words
终于,終於,zhōngyú,at last,Difficult Words
全,全,quán,entirely,Difficult Words
垃圾,垃圾,lājī,trash; refuse; garbage,Difficult Words
窗户,窗戶,chuānghu,window,Difficult Words
部队,部隊,bùduì,troops,
不够,不夠,bù gòu,not enough,
一万,一萬,yīwàn,(yi1   wan4 = yi2 wan4) ten thousand,
开枪,開槍,kāiqiāng,to shoot a gun,
信心,信心,xìnxīn,confidence,Difficult Words
喝醉,喝醉,hēzuì,to get drunk,
短信,短信,duǎnxìn,text message,Difficult Words
借,借,jiè,to lend,Difficult Words
图片,圖片,túpiàn,"image, picture",
麦当劳,麥當勞,Màidāngláo,McDonald's,
有事,有事,yǒushì,to have something to do,
深,深,shēn,deep,
村,村,cūn,village,
的时候,的時候,de shíhou,when,
改天,改天,gǎitiān,another day; some other time; to find another day (for appointment etc),
记不住,記不住,jìbùzhù,to not be able to remember,Difficult Words
搬到,搬到,bān dào,to move to,
乡下,鄉下,xiāngxià,countryside,Difficult Words
大前天,大前天,dàqiántiān,three days ago,
大后天,大後天,dàhòutiān,three days from now,
后天,後天,hòutiān,day after tomorrow (two days from now),
前天,前天,qiántiān,day before yesterday (two days ago),
下下个月,下下個月,xià xià gè yuè,next next month; two months from now (colloquial),
在......的左边,在......的左邊,zài...de zuǒbiān,on the left of,
不同意,不同意,bùtóngyì,to not agree to,Uncategorized
那么,那麽,nàme,so,Uncategorized
买单,買單,mǎidān,to pay the bill,
发票,發票,fāpiào,receipt,Difficult Words
信用卡,信用卡,xìnyòngkǎ,credit card,
秘密,秘密,mìmì,secret,
密码,密碼,mìmǎ,password,Uncategorized
输,輸,shū,to enter,"Uncategorized,Difficult Words"
刷卡,刷卡,shuākǎ,to swipe a card,Uncategorized
现金,現金,xiànjīn,cash,"Uncategorized,Difficult Words"
付,付,fù,to pay,Uncategorized
中医,中醫,zhōngyī,Chinese medicine doctor,Uncategorized
鞋子,鞋子,xiézi,shoes,Uncategorized
乘客,乘客,chéngkè,passenger,"Uncategorized,Difficult Words"
观众,觀衆,guānzhòng,audience,"Uncategorized,Difficult Words"
愉快,愉快,yúkuài,"happy, joyful",Uncategorized
祝,祝,zhù,to wish,"Uncategorized,Difficult Words"
尽管,盡管,jǐnguǎn,to feel free,"Uncategorized,Difficult Words"
秘书,秘書,mìshū,secretary,Uncategorized
各位,各位,gè wèi,everybody [form of address],Uncategorized
总统,總統,zǒngtǒng,president (of a country),
老虎,老虎,lǎohǔ,tiger,
甜点,甜點,tiándiǎn,dessert,
点心,點心,diǎnxīn,dim sum,
一样,一樣,yīyàng,same,
书面,書面,shūmiàn,Written.,
之后,之後,zhīhòu,"later, in the future",
之前,之前,zhīqián,before,
开头,開頭,kāitóu,at the beginning,
讲故事,講故事,jiǎng gùshi,to tell a story,
以往,以往,yǐwǎng,in the past,
前几个月,前幾個月,qián jǐ ge yuè,the last few months,
几个月前,幾個月前,jǐ ge yuè qián,a few months ago,
条,條,tiáo,"MW for long, thin things",
河,河,hé,river,
庙,廟,miào,temple,
从前,從前,cóngqián,long ago,
以后,以後,yǐhòu,"after, later, in the future",
以前,以前,yǐqián,before,
病,病,bìng,illness,
安全,安全,ānquán,secure,
发音,發音,fāyīn,pronunciation,Difficult Words
倒车,倒車,dàochē,to back up a vehicle,
树叶,樹叶,shùyè,leaf,
草地,草地,cǎodì,lawn; grassy area,
超市,超市,chāoshì,supermarket,
护士,護士,hùshì,nurse,
药店,藥店,yàodiàn,pharmacy,
饭后,飯後,fànhòu,after eating,
饭前,飯前,fànqián,before eating,
西药,西藥,xīyào,Western medicine,
中药,中藥,zhōngyào,Chinese medicine,
感冒,感冒,gǎnmào,to catch a cold,
生病,生病,shēngbìng,to fall ill,
药,藥,yào,medicine,
离开,離開,líkāi,leave,
努力,努力,nǔlì,great effort; to strive; to try hard,
更加,更加,gèngjiā,even more,
性格,性格,xìnggé,nature; disposition; temperament,
,,,,
商场,商場,shāngchǎng,shopping mall,
意大利,意大利,Yìdàlì,Italy,
挤,擠,jǐ,to squeeze; to push in to someone,
心意,心意,xīnyì,for one's heart to be in it; sincerity,Difficult Words
李太太,李太太,Lǐ Tàitai,Mrs. Li,
离,離,lí,to be away from,
速度,速度,sùdù,speed,
虽然,雖然,suīrán,although,
自动取款机,自動取款機,zìdòngqǔkuǎnjī,ATM,
取款,取款,qǔkuǎn,to withdraw money,
存款,存款,cúnkuǎn,to deposit money,
保安,保安,bǎoān,security guard,
时间表,時間表,shíjiānbiǎo,schedule,
学费,學費,xuéfèi,tuition fees,
见面,見面,jiànmiàn,to meet,
钥匙,鑰匙,yàoshi,keys,
靠窗,靠窗,kào chuāng,near the window,
左右,左右,zuǒyòu,about,
开玩笑,開玩笑,kāi wánxiào,to make a joke,
多长时间,多長時間,duōcháng shíjiān,how long?,
化妆,化妝,huàzhuāng,to put on make up,
出门,出門,chūmén,to go out,
着急,著急,zháojí,be anxious,Difficult Words
哎哟,哎喲,āiyōu,"oh, ouch (expresses astonishment and pain)",
滚出去,滾出去,gǔn chūqù,to get out of here,
没人,沒人,méi rén,no one,
以后,以後,yǐhòu,after,
站住,站住,zhànzhù,to stop,
邮件,郵件,yóujiàn,email,Difficult Words
刚刚,剛剛,gānggāng,just now,
法式,法式,fǎshì,French style,
吻,吻,wěn,kiss,
句子,句子,jùzi,sentence,
作业,作業,zuòyè,school assignment; homework,
说谎,說謊,shuōhuǎng,to lie,
蛋花汤,蛋花湯,dànhuātāng,egg flower soup,
炒蛋,炒蛋,chǎodàn,scrambled eggs,
撞,撞,zhuàng,to knock against; to bump into; to run into,
王八蛋,王八蛋,wángbādàn,bastard (insult),
完蛋,完蛋,wándàn,(coll.) to be done for,
咸,咸,xián,all,
蛋塔,蛋塔,dàntǎ,egg tart,
巧克力,巧克力,qiǎokèlì,chocolate (loanword),
皮蛋,皮蛋,pídàn,thousand-year old eggs,
下蛋,下蛋,xiàdàn,to lay eggs,
形容词,形容詞,xíng róng cí,adjective,
动词,動詞,dòng cí,verb,
名词,名詞,míng cí,noun,
骗,騙,piàn,to cheat; to swindle; to deceive,
楼梯,樓梯,lóutī,stairs,
一遍,一遍,yī biàn,one time,
臭豆腐,臭豆腐,chòu dòufu,stinky tofu,
帅哥,帥哥,shuàigē,handsome man,
约,約,yuē,to make a date,
首,首,shǒu,classifier for songs,Difficult Words
情况,情況,qíngkuàng,circumstances,
了解,了解,liǎojiě,to understand; to realize; to find out,
甜食,甜食,tiánshí,sweet food,
考卷,考卷,kǎojuǎn,exam paper,
泡菜,泡菜,pàocài,kimchee,
不到,不到,bùdào,not yet,
睡着,睡著,shuìzháo,to fall asleep,
睡不着,睡不著,shuì bu zháo,to be unable to fall asleep,
半夜,半夜,bànyè,midnight; middle of the night,
已经,已經,yǐjīng,already,
快,快,kuài,almost,
薄,薄,báo,thin,
和尚,和尚,héshang,Buddhist monk,
爱因斯坦,愛因斯坦,Àiyīnsītǎn,Einstein,
颗,顆,kē,measure word for pieces of candy,
凉,涼,liáng,cool,
臭,臭,chòu,smelly,
这么,這麼,zhème,so,
天黑,天黑,tiānhēi,dusk; to get dark,
天亮,天亮,tiānliàng,dawn;daybreak,
理想,理想,lǐxiǎng,ideal,
实现,實現,shíxiàn,to fulfill,Difficult Words
急,急,jí,to be in a rush,
健身房,健身房,jiànshēnfáng,gym,
减肥,減肥,jiǎnféi,to lose weight,
肯定,肯定,kěndìng,definitely,
地上,地上,dìshàng,on the ground,
长城,長城,Chángchéng,Great Wall,
山顶,山頂,shāndǐng,summit,
有时,有時,yǒushí,sometimes,
爬,爬,pá,to climb,
一步一步,一步一步,yī bù yī bù,step by step,
爬山,爬山,páshān,to climb a mountain,
很少,很少,hěnshǎo,very seldom,
历史,曆史,lìshǐ,history,
幅,幅,fú,measure word for scenes or paintings,
体育馆,體育館,tǐyùguǎn,gymnasium,
博物馆,博物館,bówùguǎn,museum,
画家,畫家,huàjiā,artist; painter,
嘛,嘛,ma,modal particle indicating that sth is obvious,
艺术,藝術,yìshù,art,Difficult Words
美术馆,美術館,měishùguǎn,art gallery,
跑,跑,pǎo,to run,
泰国,泰國,Tàiguó,Thailand,
约会,約會,yuēhuì,date,
到底,到底,dàodǐ,actually,
黄瓜,黃瓜,huángguā,cucumber,
回国,回國,huíguó,to return to one's country,
大米,大米,dàmǐ,rice,
以下,以下,yǐxià,"below, under",
五点钟,五點鐘,wǔ diǎnzhōng,5 o'clock,
非吸烟区,非吸煙區,fēi xīyān qū,non-smoking section,
火柴,火柴,huǒchái,matches,
抽烟,抽煙,chōuyān,"to smoke (a cigarette, tobacco)",Difficult Words
根,根,gēn,measure word for long slender things,
吓死,嚇死,xiàsǐ,to scare to death,
斤,斤,jīn,half a kilogram; jin (unit of weight),
大概,大概,dàgài,probably,
词,詞,cí,word,
我跟你差不多。,我跟你差不多。,wǒ gēn nǐ chàbuduō。,I'm pretty much the same as you.,
一般,一般,yībān,ordinary,
滑冰,滑冰,huábīng,ice skating,
经常,經常,jīngcháng,often,
他比你年轻。,他比你年輕。,tā bǐ nǐ niánqīng。,He's younger than you.,
生肖,生肖,shēngxiào,zodiac signs,
属,屬,shǔ,to belong to some zodiac sign,
事情,事情,shìqing,affair; matter; thing,
麻烦,麻煩,máfan,to trouble or bother sb,
读,讀,dú,to read,
教,教,jiāo,to teach,
您怎么称呼？,您怎麼稱呼？,nín zěnme chēnghu？,What should I address you?,
称呼,稱呼,chēnghu,to call; to address as,
黄,黃,huáng,yellow,
红,紅,hóng,red,
比较,比較,bǐjiào,to compare; to contrast; comparatively,Grammar Rules
健康,健康,jiànkāng,healthy,
页,頁,yè,page,
筋,筋,jīn,tendon,"Food & Drink,Difficult Words"
珍珠奶茶,珍珠奶茶,zhēnzhū nǎichá,bubble tea,Food & Drink
成龙,成龍,Chénglóng,Jackie Chan,
高尔夫,高爾夫,gāo\'ěrfū,golf,Hobbies & Sports
晚班,晚班,wǎnbān,evening shift,Jobs & Professions
换,換,huàn,"to change, to exchange",
间谍,間諜,jiàndié,spy,
押金,押金,yājīn,deposit,Difficult Words
退房,退房,tuìfáng,to check out of a room,Travel & Living Abroad
房卡,房卡,fángkǎ,room card,Travel & Living Abroad
位子,位子,wèizi,seat,
广州,廣州,Guǎngzhōu,Guangzhou subprovincial city and capital of Guangdong,Geography
护照,護照,hùzhào,passport,Travel & Living Abroad
订,訂,dìng,to order; to reserve,Shopping
毛巾,毛巾,máojīn,towel,Home & Appliances
被子,被子,bèizi,quilt,Home & Appliances
洗发水,洗髮水,xǐfàshuǐ,shampoo,Home & Appliances
坏了,壞了,huài le,"broken, ruined",
卫生纸,衛生紙,wèishēngzhǐ,toilet paper,Home & Appliances
多少钱一天？,多少錢一天？,duōshǎo qián yī tiān？,How much per day?,Shopping
100元一天。,100元一天。,yībǎi yuán yī tiān。,One hundred yuan per day.,Shopping
要求,要求,yāoqiú,"demand, request",
旅馆,旅館,lǚguǎn,motel,"Places, Location"
预定,預定,yùdìng,schedule in advance,"Time & Date,Difficult Words"
高级,高級,gāojí,high-level,
环境,環境,huánjìng,environment,"Places, Location"
服务,服務,fúwù,service,
招待所,招待所,zhāodàisuǒ,hostel (usually cheap),"Places, Location"
忙,忙,máng,favour; errand,
灯,燈,dēng,light,Home & Appliances
行李架,行李架,xínglǐjià,luggage rack,Travel & Living Abroad
行李寄存处,行李寄存處,xínglǐ jìcúnchù,luggage storage room,Travel & Living Abroad
标签,標簽,biāoqiān,label,Travel & Living Abroad
行李箱,行李箱,xínglǐxiāng,suitcase,Travel & Living Abroad
设计师,設計師,shèjìshī,designer,Jobs & Professions
模特儿,模特兒,mótèr,model,Jobs & Professions
软卧,軟臥,ruǎnwò,soft sleeper,Travel & Living Abroad
硬卧,硬臥,yìngwò,hard sleeper,Travel & Living Abroad
软座,軟座,ruǎnzuò,soft seat,Travel & Living Abroad
硬座,硬座,yìngzuò,hard seat,Travel & Living Abroad
高铁,高鐵,gāotiě,"high-speed rail, bullet train",Transportation
赶飞机,趕飛機,gǎn fēijī,to catch a flight,Travel & Living Abroad
机场,機場,jīchǎng,airport,"Places, Location,Difficult Words"
完了,完了,wán le,"to be finished, done for",
长大,長大,zhǎngdà,to grow up,Family
留学生,留學生,liúxuéshēng,foreign student,Travel & Living Abroad
我要请两天假。,我要請兩天假。,wǒ yào qǐng liǎng tiān jiǎ。,I'd like to take two days off.,Jobs & Professions
假,假,jiǎ,fake,Characters
生日,生日,shēngrì,birthday,Holidays
情人节,情人節,qíngrénjié,Valentine's Day,Holidays
粤语,粵語,Yuèyǔ,Cantonese,Geography
台湾,臺灣,Táiwān,Taiwan,Geography
先,先,xiān,to do first,Characters
筷子,筷子,kuàizi,chopsticks,Food & Drink
歌,歌,gē,song,"Hobbies & Sports,Characters"
广东话,廣東話,Guǎngdōnghuà,Cantonese,Geography
再说一次。,再說一次。,zài shuō yī cì。,Say it again.,Grammar Rules
做好了,做好了,zuò hǎo le,to finish,
事,事,shì,thing,Characters
报纸,報紙,bàozhǐ,newspaper,Home & Appliances
再,再,zài,again; once more; re-,"Grammar Rules,Characters"
接电话,接電話,jiē diànhuà,to answer the phone,
清楚,清楚,qīngchu,clearly,Difficult Words
听,聽,tīng,to listen,Characters
懂,懂,dǒng,to understand,Characters
打折,打折,dǎzhé,to discount,Shopping
最低价,最低價,zuì dī jià,the lowest price,Shopping
激动,激動,jīdòng,excited; animated,Difficult Words
划算,划算,huásuàn,to be worth the price,"Shopping,Difficult Words"
顾客,顧客,gùkè,customer,"Shopping,Difficult Words"
营业员,營業員,yíngyèyuán,clerk,Shopping
试穿,試穿,shì chuān,to try(clothes),"Shopping,Difficult Words"
试用,試用,shì yòng,to try(product),Shopping
随便,隨便,suíbiàn,as one wishes,Difficult Words
姥姥,姥姥,lǎolao,maternal grandmother,Family
姥爷,姥爺,lǎoyé,maternal grandfather,Family
外婆,外婆,wàipó,maternal grandmother,Family
外公,外公,wàigōng,maternal grandfather,Family
奶奶,奶奶,nǎinai,paternal grandmother,Family
弟弟,弟弟,dìdi,younger brother,Family
胖,胖,pàng,fat,Characters
难喝,難喝,nánhē,bad-tasting (drinks),Food & Drink
决定,決定,juédìng,to decide,Difficult Words
装,裝,zhuāng,to pretend,Characters
好玩,好玩,hǎowánr,fun,
老外,老外,lǎowài,foreigner,Travel & Living Abroad
派对,派對,pàiduì,party,
糖,糖,táng,candy,"Food & Drink,Characters"
下一个,下一個,xiàyīge,next,
帮,幫,bāng,to assist,Characters
便宜,便宜,piányi,cheap; inexpensive,Shopping
碗,碗,wǎn,bowl,"Food & Drink,Characters"
世界地图,世界地圖,shìjiè dìtú,map of the world,Travel & Living Abroad
炒面,炒麵,chǎomiàn,fried noodles,Food & Drink
汤面,湯麵,tāngmiàn,noodles in soup,Food & Drink
多久,多久,duō jiǔ,how long,Time & Date
饺子,餃子,jiǎozi,dumplings,Food & Drink
小笼包,小籠包,xiǎolóngbāo,steamed dumpling,Food & Drink
放,放,fàng,to put; to place; to release,Characters
淡,淡,dàn,bland; diluted; weak,"Food & Drink,Characters"
草莓,草莓,cǎoméi,strawberry,Food & Drink
切西瓜,切西瓜,qiē xīguā,to cut watermelon,Food & Drink
西瓜籽,西瓜籽,xīguāzǐ,watermelon seed,Food & Drink
吃吃看,吃吃看,chīchi kàn,taste it and see,Food & Drink
瘦,瘦,shòu,thin,"Characters,Difficult Words"
越来越,越來越,yuèláiyuè,more and more,Grammar Rules
结婚,結婚,jiéhūn,to get married,Family
黑,黑,hēi,tanned,Characters
厕所,廁所,cèsuǒ,toilet,"Places, Location"
票,票,piào,ticket,Characters
快点儿，快点儿！,快點兒，快點兒！,kuài diǎnr， kuài diǎnr！,"Quick, quick!",Time & Date
来不及,來不及,láibují,there's not enough time,Time & Date
厂长,廠長,chǎngzhǎng,factory director,Jobs & Professions
车间,車間,chējiān,workshop,Jobs & Professions
玩具,玩具,wánjù,toy,Home & Appliances
汉堡,漢堡,hànbǎo,hamburger,Food & Drink
让一下,讓一下,ràng yīxià,"make way, get out of the way",
上车,上車,shàngchē,to board or get into a car or vehicle,Transportation
下车,下車,xiàchē,to get off or out of a vehicle,Transportation
马路,馬路,mǎlù,street,"Places, Location"
对面,對面,duìmiàn,opposite; across from,Prepositions
等车,等車,děng chē,to wait for the bus,Transportation
办公室,辦公室,bàngōngshì,office; business premises; bureau,"Places, Location"
公用电话,公用電話,gōngyòng diànhuà,public telephone,"Places, Location"
邮局,郵局,yóujú,post office,"Places, Location"
公共厕所,公共廁所,gōnggòng cèsuǒ,public toilet,"Places, Location"
二楼,二樓,èrlóu,second floor,"Places, Location"
寄到,寄到,jìdào,to mail to,Jobs & Professions
足球,足球,zúqiú,soccer ball; a football,Hobbies & Sports
西餐,西餐,xīcān,western-style food,Food & Drink
中餐,中餐,Zhōngcān,Chinese food,Food & Drink
加拿大,加拿大,Jiānádà,Canada,Geography
德国人,德國人,Déguórén,German person,Geography
国籍,國籍,guójí,nationality,Travel & Living Abroad
国家,國家,guójiā,country,Travel & Living Abroad
打的,打的,dǎdī,by a taxi,Transportation
磁悬浮列车,磁懸浮列車,cíxuánfú lièchē,Maglev train,Transportation
轮船,輪船,lúnchuán,ship,Transportation
地铁,地鐵,dìtiě,subway,Transportation
坐,坐,zuò,sit,Transportation
轮滑,輪滑,lúnhuá,rollerskating,Hobbies & Sports
客户,客戶,kèhù,client; customer,Jobs & Professions
出差,出差,chūchāi,to go out on business; business trip,Jobs & Professions
他会说英语、西班牙语，还有汉语。,他會說英語、西班牙語，還有漢語。,tā huì shuō Yīngyǔ、 Xībānyá yǔ， háiyǒu Hànyǔ。,"He can speak English, Spanish, and Chinese.",Grammar Rules
他还说了什么？,他還說了甚麼？,tā hái shuō le shénme？,What else did he say?,Grammar Rules
你还要买什么？,你還要買甚麼？,nǐ hái yào mǎi shénme？,What else do you want to buy?,Grammar Rules
薯片,薯片,shǔpiàn,potato chip,Food & Drink
我没去过中国。,我沒去過中國。,wǒ méi qù guo Zhōngguó。,I've never been to China.,Travel & Living Abroad
你去过香港吗？,你去過香港嗎？,nǐ qù guo Xiānggǎng ma？,Have you been to Hong Kong?,Travel & Living Abroad
成都,成都,Chéngdū,Chengdu,Geography
你要去中国的哪里？,你要去中國的哪裡？,nǐ yào qù Zhōngguó de nǎli？,Where are you going in China?,Travel & Living Abroad
香港,香港,Xiānggǎng,Hong Kong,Geography
小说,小說,xiǎoshuō,novel,Hobbies & Sports
家人,家人,jiārén,family,Family
先生,先生,xiānsheng,Mr.,
偷吃,偷吃,tōuchī,sneak a bite; be unfaithful in a relationship,
是...的,是...的,shì...de,to be,Grammar Rules
呢,呢,ne,question particle,"Characters,Grammar Rules"
出生,出生,chūshēng,to be born,
云,雲,yún,cloud,Weather
袜子,襪子,wàzi,socks,Clothing
请,請,qǐng,to treat (to a meal etc),Characters
商店,商店,shāngdiàn,store,"Shopping,Places, Location"
诶,誒,ēi,hey (to call sb),Characters
跟...一起,跟...一起,gēn...yīqǐ,do sth. together with sb.,Grammar Rules
多喝,多喝,duōhē,drink more,Food & Drink
又,又,yòu,(once) again,"Characters,Grammar Rules"
法,法,fǎ,law; method; way,Characters
南京,南京,nán jīng,Nanjing,Geography
处,處,chù,place; location; spot,
充,充,chōng,to charge,
梯,梯,tī,ladder,Characters
充电处,充電處,chōng diàn chù,charging spot,"Places, Location"
请冲水,請沖水,qǐng chōng shuǐ,Please flush,
推拉,推拉,tuī lā,"push, pull",
禁止,禁止,jìn zhǐ,forbidden,Difficult Words
请勿,請勿,qǐng wù,Please do not...,
公交车,公交車,gōng jiāo chē,bus,Transportation
公交站,公交站,gōng jiāo zhàn,bus station,Transportation
加油站,加油站,jiā yóu zhàn,gas station,Transportation
油,油,yóu,oil; fat; grease,"Food & Drink,Characters"
加,加,jiā,to add; plus,Characters
站,站,zhàn,station; to stand; to halt,Transportation
交,交,jiāo,to cross,Characters
公,公,gōng,"public, official",Characters
五折,五折,wǔ zhé,50% off,Shopping
七折,七折,qī zhé,30% off,Shopping
特价,特價,tè jià,special price,Shopping
折,折,zhé,discount,"Shopping,Characters"
价,價,jià,price; value,"Characters,Shopping"
特,特,tè,special; unique; distinguished,Characters
商,商,shāng,commerce; business,Characters
中大特大,中大特大,zhōng dà tèdà,"medium, large, extra large",Clothing
大小,大小,dà xiǎo,size,Clothing
周,週,zhōu,week,"Time & Date,Characters"
中心,中心,zhōng xīn,center,"Places, Location"
人行道,人行道,rén xíng dào,pedestrian sidewalk,"Places, Location"
入口,入口,rù kǒu,entrance,"Places, Location"
出口,出口,chū kǒu,exit,"Places, Location"
喂,喂,wéi,hello,Characters
告诉,告訴,gàosu,to tell,
没用,沒用,méiyòng,to be useless,
哭,哭,kū,to cry,Characters
只有,只有,zhǐyǒu,to only have,
相信,相信,xiāngxìn,to believe,
当作,當作,dàngzuò,to treat as,
往前走,往前走,wǎng qián zǒu,to walk forward,
银行,銀行,yínháng,bank,"Places, Location"
广场,廣場,guǎngchǎng,public square,"Places, Location"
天安门,天安門,Tiān\'ānmén,Tiananmen,Geography
半,半,bàn,half,Characters
开会,開會,kāihuì,to hold a meeting,Jobs & Professions
每天,每天,měitiān,every day,Time & Date
父母,父母,fùmǔ,father and mother,Family
来自,來自,láizì,to come from,Travel & Living Abroad
外国,外國,wàiguó,foreign,Travel & Living Abroad
锻炼,鍛煉,duànliàn,to exercise,Hobbies & Sports
查资料,查資料,chá zīliào,to look up information,
香蕉,香蕉,xiāngjiāo,banana,Food & Drink
跳舞,跳舞,tiàowǔ,to dance,Hobbies & Sports
听音乐,聽音樂,tīng yīnyuè,to listen to music,Hobbies & Sports
打橄榄球,打橄欖球,dǎ gǎnlǎnqiú,to play rugby or American football,Hobbies & Sports
打羽毛球,打羽毛球,dǎ yǔmáoqiú,to play badminton,Hobbies & Sports
打乒乓球,打乒乓球,dǎ pīngpāngqiú,to play ping-pong,Hobbies & Sports
打网球,打網球,dǎ wǎngqiú,to play tennis,Hobbies & Sports
逛街,逛街,guàngjiē,to stroll down the street,Difficult Words
饿,餓,è,to be hungry; hungry; to starve (sb),Characters
刚好,剛好,gānghǎo,just; exactly,
正好,正好,zhènghǎo,just right,
生气,生氣,shēngqì,to get angry; to take offense; angry,
流汗,流汗,liúhàn,to sweat,
电风扇,電風扇,diànfēngshàn,electric fan,Home & Appliances
空调,空調,kōngtiáo,air conditioning,Home & Appliances
慢,慢,màn,slow,Characters
箱子,箱子,xiāngzǐ,box,
声调,聲調,shēngdiào,tone,
冬天,冬天,dōngtiān,winter,Time & Date
轻,輕,qīng,light,Characters
别,別,bié,don’t,Characters
马上,馬上,mǎshàng,immediately,Time & Date
命令,命令,mìnglìng,to command,
雨衣,雨衣,yǔyī,rain coat,Clothing
儿子,兒子,érzi,son,Family
周末,周末,zhōumò,weekend,Time & Date
暖和,暖和,nuǎnhuo,warm,Weather
交通,交通,jiāotōng,traffic,"Places, Location"
聊,聊,liáo,to chat,Characters
没空,沒空,méikòng,to not have time,Time & Date
主意,主意,zhǔyi,plan; idea; decision,
马马虎虎,馬馬虎虎,mǎmǎhūhū,so-so,
律师,律師,lǜshī,lawyer,Jobs & Professions
医院,醫院,yīyuàn,hospital,"Places, Location"
手表,手表,shǒubiǎo,wristwatch,Clothing
晕车,暈車,yūnchē,carsickness,Travel & Living Abroad
舒服,舒服,shūfu,comfortable,
吐,吐,tù,to vomit,Characters
房子,房子,fángzi,"house, apartment","Places, Location"
干净,乾凈,gānjìng,clean,
不懂,不懂,bù dǒng,not to understand,
别人,別人,biérén,other people,
机票,機票,jīpiào,airplane ticket,Travel & Living Abroad
家务,家务,jiāwù,housework,Home & Appliances
经理,經理,jīnglǐ,manager,Jobs & Professions
军人,軍人,jūnrén,(military) service person,Jobs & Professions
职员,職員,zhíyuán,office worker， staff person,Jobs & Professions
工程师,工程師,gōngchéngshī,engineer,Jobs & Professions
公务员,公務員,gōngwùyuán,public official,Jobs & Professions
职业,職業,zhíyè,job occupation,
生意人,生意人,shēngyìrén,business person,Jobs & Professions
你是做什么的,你是做甚麼的,nǐ shì zuò shénme de,What do you do?,Jobs & Professions
加班,加班,jiābān,to work overtime,Jobs & Professions
差不多,差不多,chàbuduō,almost; nearly; more or less,
累,累,lèi,tired,Characters
猜,猜,cāi,to guess,Characters
宝宝,寶寶,bǎobao,baby,Family
饮水机,飲水機,yǐnshuǐjī,water cooler,Home & Appliances
尊敬,尊敬,zūnjìng,to respect,
正式,正式,zhèngshì,formal,
礼物,禮物,lǐwù,gifts,Shopping
签名,簽名,qiānmíng,to sign one's name,
重,重,zhòng,heavy,Characters
漂亮,漂亮,piàoliang,beautiful,
名片,名片,míngpiàn,business card,Jobs & Professions
同事,同事,tóngshì,colleague; co-worker,Jobs & Professions
敲门,竅門,qiāomén,to knock (on a door),Home & Appliances
门铃,門鈴,ménlíng,doorbell,Home & Appliances
地图,地圖,dìtú,map,Travel & Living Abroad
字典,字典,zìdiǎn,character dictionary,
多少,多少,duōshao,how many; how much,
存钱罐,存錢罐,cúnqiánguàn,a piggy bank,Shopping
数字,數字,shùzì,number,
明天几度？,明天幾度？,míngtiān jǐ dù？,What's the temperature going to be tomorrow?,Weather
度,度,dù,degree,"Characters,Weather"
女儿,女兒,nǚér,daughter,Family
生意,生意,shēngyi,business,Jobs & Professions
还行,還行,hái xíng,all right; good,
还可以,還可以,hái kěyǐ,all right; not bad,
还好,還好,hái hǎo,fine; passable; okay,
圣诞节,聖誕節,Shèngdànjié,Christmas,Holidays
让,讓,ràng,to let sb do sth,Characters
忘,忘,wàng,to forget,Characters
迟到,遲到,chídào,to arrive late,Time & Date
没好,沒好,méi hǎo,not finished,Time & Date
好了,好了,hǎo le,finished; okay; i got it,Time & Date
虫,蟲,chóng,insect,"Characters,Animals"
蟑螂,蟑螂,zhāng láng,cockroach,Animals
支,支,Zhī,measure word,Characters
台,臺,tái,classifier for machines,Characters
把,把,bǎ,measure word for bundles of things,Characters
匹,匹,pǐ,"classifier for horses, mules etc",Characters
那边,那邊,nàbian,over there,Prepositions
几号,幾號,jǐhào,what are the numbers,Time & Date
房号,房號,fánghào,room number,Home & Appliances
现在上午八点,現在上午八點,xiànzài shàngwǔ bā diǎn,It's now 8am.,Time & Date
现在几点？,現在幾點？,xiànzài jǐdiǎn？,What time is it now?,Time & Date
一点二十分,一點二十分,yì diǎn èr shí fēn,1:20,Time & Date
星期几,星期幾,xīng qī jǐ,which day of the week,Time & Date
几号,幾號,jǐ hào,which day,Time & Date
几月,幾月,jǐ yuè,which month,Time & Date
一九八八年,一九八八年,yī jiǔ bā bā nián,year 1988,Time & Date
张,張,zhāng,"measure word (piece, sheet)",Characters
件,件,jiàn,"item; component; classifier for events, things, clothes etc",Characters
辆,輛,liàng,classifier for vehicles,Characters
一共,一共,yīgòng,altogether,Shopping
果汁,果汁,guǒzhī,fruit juice,Food & Drink
千,千,qiān,thousand,Characters
老板,老闆,lǎobǎn,boss; business proprietor,Jobs & Professions
新年,新年,xīnnián,New Years,Holidays
联系,聯繫,liánxì,contact,
蔬菜,蔬菜,shūcài,vegetables,Food & Drink
送,送,sòng,to give,Characters
唱,唱,chàng,to sing,Characters
向,向,xiàng,towards,Characters
停,停,tíng,stop,Characters
右,右,yòu,right,Characters
左,左,zuǒ,left,Characters
拐,拐,guǎi,to turn,Characters
一直,一直,yīzhí,continuously,Time & Date
路口,路口,lùkǒu,intersection,"Places, Location"
停车,停車,tíngchē,to stop the car; to park a car,Transportation
旅游,旅游,lǚyóu,to go travelling,Travel & Living Abroad
带,帶,dài,to bring; to take,Characters
唉,唉,ài,alas,Characters
无聊,無聊,wúliáo,boring,
谁,誰,shéi,who,Characters
没有了,沒有了,méiyǒu le,to not have,Shopping
买,買,mǎi,to buy,Characters
那,那,nà,then (in that case),Characters
洗手间,洗手間,xǐshǒujiān,restroom,"Places, Location"
不错,不錯,bùcuò,correct; right; not bad,
哦,哦,ō,oh,Characters
我一天能看一本书。,我一天能看一本書。,wǒ yìtiān néng kàn yī běn shū。,I am able to read 1 book in 1 day.,Time & Date
语言,語言,yǔyán,language,
想要,想要,xiǎngyào,to want to; to feel like; to fancy - 'more politely than yào',
新,新,xīn,new,Characters
我姓方。,我姓方。,wǒ xìng Fāng。,My surname is Fang.,Greetings & Common Phrases
你姓什么？,你姓什麼？,nǐ xìng shénme？,What is your surname?,Greetings & Common Phrases
姓,姓,xìng,family name; surname,Characters
运动,運動,yùndòng,to exercise,Hobbies & Sports
地方,地方,dìfang,area; place; space,"Places, Location"
上课,上課,shàngkè,to go to class; to attend class; to go to teach a class,
楼,樓,lóu,floor,"Characters,Places, Location"
我弟弟住在中国上海,我弟弟住在中國上海,wǒ dìdi zhù zài Zhōngguó Shànghǎi,"My brother lives in China, in Shanghai.","Places, Location"
我的地址是台北市大安区大学路100号8楼,我的地址是台北市大安區大學路100號8樓,wǒ de dìzhǐ shì Táiběishì Dàānqū dàxué lù 100 hào 8 lóu,"My address is 8th floor, No. 100, University Road, Da An District, Taipei City.","Places, Location"
你的地址是什么？,你的地址是什麼？,nǐ de dìzhǐ shì shénme？,What is your address?,"Places, Location"
区,區,qū,district; area,"Characters,Places, Location"
市,市,shì,city,"Characters,Places, Location"
台北101,台北101,Táibéi 101,Taipei 101,Geography
加州,加州,Jiāzhōu,California,Geography
饭店,飯店,fàndiàn,hotel,"Places, Location"
住,住,zhù,"live, reside",Characters
跟,跟,gēn,with,Characters
安静,安靜,ānjìng,quiet,
贵姓,貴姓,guì xìng,surname (polite),
肉,肉,ròu,meat; flesh; pulp (of a fruit),Characters
动物,動物,dòngwù,animal,Animals
试,試,shì,to try,Characters
声音,聲音,shēngyīn,sound,
服务员,服務員,fúwùyuán,waiter; waitress; attendant,Jobs & Professions
休息,休息,xiūxi,to rest,
可乐,可樂,kělè,coke,Food & Drink
一下,一下,yīxià,briefly,Time & Date
拿铁,拿鐵,nátiě,latte,Food & Drink
洗头,洗頭,xǐtóu,to wash one's hair,
菜单,菜單,càidān,menu,Food & Drink
啤酒,啤酒,píjiǔ,beer (loanword),Food & Drink
瓶,瓶,píng,bottle,Characters
介绍,介紹,jièshào,to introduce (sb to sb); to give a presentation; to present (sb for a job etc),
礼貌,禮貌,lǐmào,manners,
知道,知道,zhīdào,to know,
希腊,希臘,Xīlà,Greece,Geography
演员,演員,yǎnyuán,actor,Jobs & Professions
有空,有空,yǒukòng,to have time (to do sth),Time & Date
辣,辣,là,hot (spicy),Characters
客气,客氣,kèqi,polite; courteous; formal,
游泳,游泳,yóuyǒng,swimming,Hobbies & Sports
电影,電影,diànyǐng,movie; film,Hobbies & Sports
课,課,kè,lesson,Characters
笔,筆,bǐ,pen; pencil,Characters
后面,後面,hòumiàn,back; behind,Prepositions
前面,前面,qiánmiàn,ahead; in front,Prepositions
下面,下面,xiàmiàn,below,Prepositions
上面,上面,shàngmiàn,on top of,Prepositions
纽约,紐約,Niǔyuē,New York,Geography
公司,公司,gōngsī,company,Jobs & Professions
学校,學校,xuéxiào,school,"Places, Location"
聪明,聰明,cōngming,intelligent; clever; bright,
不用谢！,不用謝！,bùyòngxiè！,You're welcome!,Greetings & Common Phrases
早上八点。,早上八點。,zǎoshang bādiǎn。,Eight o'clock in the morning.,Time & Date
下午好,下午好,xiàwǔ hǎo,good afternoon,Greetings & Common Phrases
不客气。,不客氣。,bù kèqì。,You're welcome.,Greetings & Common Phrases
应该的。,應該的。,yīnggāi de。,I ought to have done that (lit); not to worry at all.,Greetings & Common Phrases
不会,不會,bùhuì,no problem; don't mention it (Tw),Greetings & Common Phrases
没事（儿）,沒事（兒）,méishìr,no problem,Greetings & Common Phrases
不好意思,不好意思,bùhǎoyìsi,excuse me; sorry,Greetings & Common Phrases
没关系,沒關係,méiguānxi,no worries,Greetings & Common Phrases
请给我这个。,請給我這個。,qǐng gěi wǒ zhè ge。,Please can you give me this.,Greetings & Common Phrases
请问你会说英文吗？,請問你會說英文嗎？,qǐngwèn nǐ huì shuō Yīngwén ma？,May I ask if you speak English?,Greetings & Common Phrases
请问这个多少钱？,請問這個多少錢？,qǐngwèn zhè ge duōshǎo qián？,May I ask how much this is?,Shopping
慢走。,慢走。,màn zǒu。,Take care (lit: walk slowly),Greetings & Common Phrases
先走了。,先走了。,xiān zǒu le。,I'll head off first.,Greetings & Common Phrases
拜拜！,拜拜！,bàibài！,Bye!,Greetings & Common Phrases
好久不见！,好久不見！,hǎojiǔ bùjiàn！,Long time no see!,Greetings & Common Phrases
早！,早！,zǎo！,Morning!,Characters